{
  "k=3": {
    "Recall@3": 0.94,
    "Precision@3": 0.4266666666666667,
    "nDCG@3": 0.8441114079523696,
    "MRR@3": 0.8199999999999998
  },
  "k=5": {
    "Recall@5": 0.98,
    "Precision@5": 0.3319999999999997,
    "nDCG@5": 0.8449179083720992,
    "MRR@5": 0.829
  },
  "k=10": {
    "Recall@10": 1.0,
    "Precision@10": 0.3,
    "nDCG@10": 0.7780040069852799,
    "MRR@10": 0.8319166666666665
  },
  "_meta": {
    "index_time_s": 0.06,
    "retrieval_time_s": 24.37,
    "total_chunks_indexed": 500,
    "total_questions": 100
  }
}